{"statusCode": 200, "output": {"Sun": {"Shadbala": 422.28, "rupas": 7.038, "percentage_strength": 140.76, "ishta_phala": 8.951, "kashta_phala": 46.087}, "Moon": {"Shadbala": 483.87657, "rupas": 8.065, "percentage_strength": 134.41, "ishta_phala": 23.763, "kashta_phala": 34.354}, "Mars": {"Shadbala": 377.90286000000003, "rupas": 6.298, "percentage_strength": 125.968, "ishta_phala": 27.826, "kashta_phala": 30.358}, "Mercury": {"Shadbala": 439.7432900000001, "rupas": 7.329, "percentage_strength": 104.701, "ishta_phala": 35.861, "kashta_phala": 15.983}, "Jupiter": {"Shadbala": 419.93971, "rupas": 6.999, "percentage_strength": 107.677, "ishta_phala": 38.933, "kashta_phala": 15.591}, "Venus": {"Shadbala": 365.3281400000001, "rupas": 6.089, "percentage_strength": 110.705, "ishta_phala": 41.283, "kashta_phala": 16.929}, "Saturn": {"Shadbala": 343.53242900000004, "rupas": 5.726, "percentage_strength": 114.511, "ishta_phala": 37.053, "kashta_phala": 22.771}}}